RT @Tha5SOSFamily: Omg, y'all are speeding up! Can we get 1K retweets in a minute?\n\n5SOS FAM DAY\n#iHeartAwards #BestFanArmy #5SOSFam
I get time to get a breakfast sandwich ?\ud83e\udd14
@lorenzo2392 a me i nostri forti piacciono tutti .. Quindi mi dispiacerebbe per qualsiasi cessione .. Ma poi conta come si sostituiscono
::: 1000 TARJETAS DE PRESENTACI\u00d3N ::: \n\u00b7 pin:5bfcd24b\n\u2714 Env\u00edos a todo el pais https:\/\/t.co\/dhipIuGC8C
Thu 08:42: Light Rain; Temp 10.3 C; Wind SSW 37 km\/h gust 52 km\/h; Humidity 94%; Press 100.2 kPa; Health Idx 3.6.
RT @alo_oficial: He intentado hasta el \u00faltimo minuto correr en Bahr\u00e9in despu\u00e9s del accidente de Australia, han\u2026 https:\/\/t.co\/e22S1mHPkT
6wks ago I became a non-smoker. My skin\/teeth look healthier, my asthma has eased &amp; I don't smell anymore, lol! Thanks @StopSmokingW \ud83d\udc4d\ud83d\ude01\ud83d\udead
4. In any case @bukolasaraki is not before a military tribunal but a competent court, he should prove his innocence in court @TheScoopNg
Add #HigherEd Circles of Success to your #HESummit16 agenda today for a great workshop, 10am CT in Endymion\/Mid-City https:\/\/t.co\/8jEbFSOCJG
Il y a 1 chose que les #courtisans des #politiques ne per\u00e7oivent absolument pas, c'est la flagrance de leur propre #ridicule
Work with the natural hair pattern. Change the angle of your comb to ensure a uniform cut, shown here by #Andis... https:\/\/t.co\/BSDPD2dAG5
RT @FatosEx: namorar pra mim \u00e9 namorar e casar\nagr namorar todo m\u00eas uma pessoa diferente \u00e9 melhor ficar solteiro mesmo
I posted a new photo to Facebook https:\/\/t.co\/2k7QFB9XMA
#PSOE #Pol\u00edtica Psoe y Podemos, m\u00e1s cerca de formar \u201cun gobierno de cambio\u201d https:\/\/t.co\/2IBF38Qd5v
RT @j_willy99: Could I not be sick a different day
RT @c1arabe: si t'es moche m\u00eame avec le filtre chien c'est que t'es vraiment moche
RT @EsCalle_13: Todav\u00eda me entran esos nervios antes de verte.
RT @elcosodelapizza: - cuantos a\u00f1os tenes?\n- 17 primaveras\n- ah pero mira que pelotuda sos
RT @5SOSPHTeam: \"I'm pringle. That's kinda like single but hungry\" - @Michael5SOS \nEVERYONE WHO'S A PRINGLE, GO RT. :)\n#5SOSFam #BestFanArm\u2026
Welcome To Tari Taribo's Blog: Snapshots: Popular Twitter Account 'SubDeliveryMan... https:\/\/t.co\/acuwpVFp4A
RT @antonioriverog: Amenazas con la misma actitud cobarde y miserable que poseen todos los cabecillas de este hampar\u00e9gimen. Que caer\u00e1n! htt\u2026
@meowstrophe such a bomb you are, \ud83d\ude3b
S\u00f3 toca valesca, tati zaqui e anitta na acad d manh\u00e3
https:\/\/t.co\/LlFueQhBfV Enter the Password Sentry \"Yule Win Contest\" for a chance to win $5000 US! 1459428302
\u300e\u3042\u306a\u305f\u306e\u30e1\u30eb\u30de\u30ac\u8aad\u307e\u308c\u3066\u3044\u307e\u3059\u304b\uff1f\u3042\u306a\u305f\u306e\u30e1\u30eb\u30de\u30ac\u306e\u958b\u5c01\u7387\u3092\u8105\u5a01\u7684\u306b\u4e0a\u3052\u308b\u7981\u65ad\u306e\u65b9\u6cd5\u304c\u4eca\u3053\u3053\u306b\u30fb\u30fb\u30fb\u300f\u3042\u306a\u305f\u306e\u30e1\u30eb\u30de\u30ac\u8aad\u307e\u308c\u3066\u3044\u307e\u3059\u304b\uff1f \u3042\u306a\u305f\u304c\u4e00\u751f\u61f8\u547d\u30e1\u30eb\u30de\u30ac\u3092\u66f8\u3044\u3066\u3082\u3001 \u3069\u308c\u3060\u3051\u4e2d\u8eab\u304c\u7d20\u6674\u3089\u3057\u3044\u5185\u5bb9\u3067\u30fb\u30fb\u30fbhttps:\/\/t.co\/KzlB5SUPU2
#tvm\u0171sor Dr. Csont - Cool TV - 2016-03-31 17:25: Dr. Csont - Cool TV - am. krimisor., IV.\/15. r\u00e9sz, 2005 - A\u2026 https:\/\/t.co\/pjwNn8YSBr
RT @HonestlyHealthy: Beautifully light &amp; simple Celeriac Soup for lunch today! SO YUM. Get the recipe here: https:\/\/t.co\/oijjav0fkx https:\/\u2026
RT @tortaconchuda: no soporto a nadie quiero dormir
h Ana good girl 1,2,3,4,5,6,7,8,9,10 good breathe again.\" This went in for a good ten minutes.\r \r \"I see the head a full head of light brow
he's the biggest asshole I know @brittotim1615 https:\/\/t.co\/05zTFVU4ez
RT @anakarylle: Have u seen @robinnievera's new music video 4 #NoMoreLight? https:\/\/t.co\/GAYeKfrSq5 \ud83c\udf3bmake sure2 listen to 1 new OPM song ev\u2026
@SueLazarou @OfficialDerro just released a new track https:\/\/t.co\/QPISfYeGPs really cool future house
RT @5HonTour: It's 5H DAY! Let's go!\n\n #Harmonizers #BestFanArmy #iHeartAwards\n\n https:\/\/t.co\/6PFj1xkcEd
@AmiciUfficiale @NekOfficial perd\u00f3n, pero s\u00f3lo te escuchas t\u00fa, Nek... el ni\u00f1o desaparece...
Rajoy ha tenido mayor\u00eda absoluta para darle la vuelta a nuestro sector p\u00fablico y deja el 2\u00ba mayor d\u00e9ficit de la UE. Qu\u00e9 oportunidad perdida.
RT @alfonsoprada: Rumbo #SENA #Yopal #Casanare a entregar ambientes d formaci\u00f3n en alianza con @Equion_Energia y luego visitaremos Paz de A\u2026
Create an Instant Band with a Drum Machine And Blindfolds! Crack ... - https:\/\/t.co\/xGDY3C6yTh https:\/\/t.co\/CgDsd6XvGZ
RT @Zlatna_Kniga: \u0414\u043e \u0441\u0435\u0433\u0430 \u043c\u043e\u0436\u0435\u0431\u0438 \u0438 \u0434\u043e\u043a\u0442\u043e\u0440\u0438\u0440\u0430\u0448\u0435?  #TBT\nhttps:\/\/t.co\/aS7tpxMeSi
RT @ygcarro: Gastroescapada a Le\u00f3n https:\/\/t.co\/VbV0vibTtg v\u00eda @MissandChic @cylesvida #leonesp #turismo #lifeisajourney
RT @petergomezblog: Scontrini Renzi, Tar condanna Comune Firenze a pagare spese legali a M5s. Le sue ricevute presto pubbliche? https:\/\/t.c\u2026
C\u00e1ch b\u1ea3o qu\u1ea3n h\u00e0nh, t\u1ecfi, ki\u1ec7u.\nCh\u1ecdn ch\u1ed7 kh\u00f4 r\u00e1o, \u0111\u00e0o 1 h\u1ed1 s\u00e2u 60 cm. Tr\u1ea3i tr\u1ea5u \u1edf \u0111\u00e1y 1 t\u1ea5c, \u0111\u1eb7t m\u1ed9t l\u1edbp h\u00e0nh l\u00ean ,,, https:\/\/t.co\/krDV201rhZ
Banane abi c\u00fczdan\u0131nda foto\u011fraf\u0131m olsun.\ud83d\ude48
LSE - Benefit sanctions have failed: a Comprehensive Review is needed https:\/\/t.co\/FWKH40uWCf
Journalist give tough questions 2 Trump.When Trump answers responsibly.They R horrified,then tear in2 him.Then they talk it out#TRUMP2 win
RT @mermaidwxj06ar0: \u30ab\u30cb\u6bbb\u3063\u3066\u3053\u3093\u306a\u306b\u904a\u3079\u308b\u3093\u3060\u3041\u2026(\uff1b\u00b4\u0414`A\u51c4\u3044\u308f https:\/\/t.co\/lYrt90gXG8
Everyone Else\u2019s Lunch Is Jealous of Your Harissa Chicken Salad Lunch - Bon App\u00e9tit https:\/\/t.co\/r1hEqUohnD
RT @YESBANK: Who will win today's semi final match of #WT20 to play #Eng in the finals? #INDIAboleYES to victory in  #Ind vs #WI
RT @ParaLELLORDgram: Don't be yourself. Be a pizza. Everyone loves pizza. \ud83d\ude0d\ud83d\ude02\ud83c\udf55\u2764
@Alive1979 C\u00f3mo va? creo que te molara el tributo a The Boss https:\/\/t.co\/6rrO6gWGf6 https:\/\/t.co\/BLqNcJtK2X
@ammirevoIe BTS's Taehyung or V speaking. verify?'0')\/ https:\/\/t.co\/q6ncAox07h
#MyUniversityListings is a safe place to shop online and a great place to sell anything you don\u2019t need! https:\/\/t.co\/2P7nbEybaD
RT @hashicorp: HashiConf is back! This time it's taking place in Napa, California on September 6-8, 2016. We hope to see you there. https:\/\u2026
RT @Dulce_Hiel: Un \u00e1rbol deja de proveer oxigeno al ser talado, quiz\u00e1 por eso amo los libros, valen m\u00e1s de lo que costaron.
A lot of things don't come easy. Email doesn't have to be one of them.
\u3042\u306e\u3086\u305a\u304c\u30e9\u30a4\u30d6\u3057\u3066\u3044\u305f\u4f0a\u52e2\u4f50\u6728\u753a\u5546\u5e97\u8857\u306e\u8001\u8217\u266ahttps:\/\/t.co\/2cyNPjxCED QUO\u30ab\u30fc\u30c9\u5f53\u305f\u308b\u30ad\u30e3\u30f3\u30da\u30fc\u30f3\u3084\u3063\u3066\u308b\u21d2https:\/\/t.co\/LIu8HxvrZl #\u6a2a\u6d5c\u5e02 #\u4f0a\u52e2\u4f50\u6728\u753a\u5546\u5e97\u8857
Can't wait for the Views tour, it's gunna be lit\ud83d\udd25
en econom\u00eda me han dejado el culito as\u00ed https:\/\/t.co\/fQcQkkBlaG
